X,Y,Z_prev,variance_ratio,Variance_sq,is_improving,direction,dVariance_abs,target_step
-13000,-13000,682,1,10690.1974,0,1,0,0.187615965
-13000,-13000,882,1.336272865,19088.68555,1,1,34.76839851,-199.812384
-13000,-13000,687,1,7887.163926,0,1,0,-4.812384035
-13000,-13000,887,1.542980942,18777.68249,1,1,48.22197798,-204.812384
-13000,-13000,677,1,11377.21292,0,1,0,5.187615965
-13000,-13000,877,1.135386491,14666.39343,1,1,14.4408672,-194.812384
-13000,-13000,692,1,10379.93493,0,1,0,-9.812384035
-13000,-13000,892,0.780103488,6316.828276,0,1,22.40348886,-209.812384
-13000,-13000,672,1,3473.905274,0,1,0,10.18761597
-13000,-13000,872,1.757469458,10729.84738,1,1,44.64513208,-189.812384
-13000,-13000,697,1,10018.95093,0,1,0,-14.81238403
-13000,-13000,897,1.037223017,10778.70388,1,1,3.72582708,-214.812384
-13000,-13000,667,1,10486.26676,0,1,0,15.18761597
-13000,-13000,867,1.205342278,15234.97273,1,1,21.02755735,-184.812384
-13000,-13000,702,1,11662.17702,0,1,0,-19.81238403
-13000,-13000,902,1.365199948,21735.62613,1,1,39.43851205,-219.812384
-13000,-13000,662,1,9860.078281,0,1,0,20.18761597
-13000,-13000,862,1.429728232,20155.21099,1,1,42.67112253,-179.812384
-13000,-13000,707,1,14945.18819,0,1,0,-24.81238403
-13000,-13000,907,1.294502129,25044.18631,1,1,36.00303664,-224.812384
-13000,-13000,657,1,7524.374207,0,1,0,25.18761597
-13000,-13000,857,1.347822048,13668.96082,1,1,30.17118035,-174.812384
-13000,-13000,712,1,11273.85457,0,1,0,-29.81238403
-13000,-13000,912,1.524737542,26209.73411,1,1,55.71579739,-229.812384
-13000,-13000,652,1,11703.66725,0,1,0,30.18761597
-13000,-13000,852,1.173608355,16120.123,1,1,18.78155757,-169.812384
-13000,-13000,717,1,13999.43831,0,1,0,-34.81238403
-13000,-13000,917,1.307353413,23927.46124,1,1,36.36581677,-234.812384
-13000,-13000,647,1,8555.382467,0,1,0,35.18761597
-13000,-13000,847,1.018616978,8876.898422,1,1,1.721983131,-164.812384
-13000,-13000,722,1,10333.19011,0,1,0,-39.81238403
-13000,-13000,922,1.635892267,27653.09962,1,1,64.63991149,-239.812384
-13000,-13000,642,1,10617.77696,0,1,0,40.18761597
-13000,-13000,842,1.320303524,18508.92363,1,1,33.00490724,-159.812384
-13000,-13000,727,1,8903.442633,0,1,0,-44.81238403
-13000,-13000,927,1.600290162,22801.0809,1,1,56.6422124,-244.812384
-13000,-13000,637,1,10685.59539,0,1,0,45.18761597
-13000,-13000,837,1.3327382,18979.65952,1,1,34.39553153,-154.812384
-13000,-13000,732,1,19206.55236,0,1,0,-49.81238403
-13000,-13000,932,1.254145308,30209.61078,1,1,35.22141531,-249.812384
-13000,-13000,632,1,12342.22597,0,1,0,50.18761597
-13000,-13000,832,1.260122013,19598.31303,1,1,28.89840364,-149.812384
-13000,-13000,482,1,7255.905793,0,1,0,200.187616
-13000,-13000,682,1.041433354,7869.635202,1,1,3.529359604,0.187615965
-13000,-13000,882,1,21473.16454,0,1,0,-199.812384
-13000,-13000,1082,0.692668305,10302.59631,0,1,45.03554031,-399.812384
-13000,-13000,1082,1,8150.498533,0,1,0,-399.812384
-13000,-13000,1282,0.691505183,3897.400645,0,1,27.85094649,-599.812384
-13000,-13000,282,1,3074.390931,0,1,0,400.187616
-13000,-13000,482,1.131574058,3936.63415,1,1,7.295411881,200.187616
-13000,-13000,100,1,2519.1913,0,1,0,582.187616
-13000,-13000,300,1.038619236,2717.527023,1,1,1.938359165,382.187616
-13000,-13000,1282,1,4663.39339,0,1,0,-599.812384
-13000,-13000,1482,0.722832146,2436.55921,0,1,18.92752749,-799.812384
-13000,-13000,1482,1,2428.901399,0,1,0,-799.812384
-13000,-13000,1682,0.822951255,1644.970482,0,1,8.725650109,-999.812384
-13000,-13000,100,1,2232.885915,0,1,0,582.187616
-13000,-13000,300,1.024786852,2344.9502,1,1,1.171263597,382.187616
-13000,-13000,100,1,2173.42839,0,1,0,582.187616
-13000,-13000,300,1.016236822,2244.580518,1,1,0.756961319,382.187616
-13000,-13000,1682,1,1550.431138,0,1,0,-999.812384
-13000,-13000,1882,0.866447037,1163.955894,0,1,5.258716612,-1199.812384
-13000,-13000,1882,1,1167.942696,0,1,0,-1199.812384
-13000,-13000,2082,0.914816706,977.4391025,0,1,2.911154107,-1399.812384
-13000,-13000,100,1,2210.246927,0,1,0,582.187616
-13000,-13000,300,1.005807686,2235.994318,1,1,0.273038284,382.187616
-13000,-13000,2082,1,939.396484,0,1,0,-1399.812384
-13000,-13000,2282,0.960139652,865.9997007,0,1,1.221702739,-1599.812384
-13000,-13000,100,1,2057.677118,0,1,0,582.187616
-13000,-13000,300,1.017455935,2130.14147,1,1,0.791829608,382.187616
-13000,-13000,100,1,2033.825153,0,1,0,582.187616
-13000,-13000,300,1.021574733,2122.530304,1,1,0.972976234,382.187616
-13000,-13000,2282,1,838.4863625,0,1,0,-1599.812384
-13000,-13000,2482,0.947304312,752.4454703,0,1,1.525889477,-1799.812384
-13000,-13000,2482,1,761.7470329,0,1,0,-1799.812384
-13000,-13000,2682,0.976729542,726.7071254,0,1,0.64225917,-1999.812384
-13000,-13000,100,1,2009.744051,0,1,0,582.187616
-13000,-13000,300,1.013890232,2065.96343,1,1,0.622701452,382.187616
-13000,-13000,100,1,1489.954524,0,1,0,582.187616
-13000,-13000,300,1.275073179,2422.385367,1,1,10.6178052,382.187616
-13000,-13000,2682,1,857.9144111,0,1,0,-1999.812384
-13000,-13000,2882,0.99277055,845.5547509,0,1,0.21175187,-2199.812384
-13000,-13000,2882,1,838.0515883,0,1,0,-2199.812384
-13000,-13000,3082,0.994273752,828.4812859,0,1,0.165769837,-2399.812384
-13000,-13000,100,1,2460.55702,0,1,0,582.187616
-13000,-13000,300,1.012133695,2520.630575,1,1,0.601879817,382.187616
-13000,-13000,100,1,2355.232677,0,1,0,582.187616
-13000,-13000,300,1.009203557,2398.785213,1,1,0.446655417,382.187616
-13000,-13000,3082,1,820.568821,0,1,0,-2399.812384
-13000,-13000,3282,0.99404835,810.8304098,0,1,0.170488432,-2599.812384
-13000,-13000,3282,1,806.6476468,0,1,0,-2599.812384
-13000,-13000,3482,0.971229416,760.8998994,0,1,0.817128969,-2799.812384
-13000,-13000,100,1,2094.606326,0,1,0,582.187616
-13000,-13000,300,1.016460122,2164.128782,1,1,0.753328274,382.187616
-13000,-13000,100,1,2095.188206,0,1,0,582.187616
-13000,-13000,300,1.046013553,2292.438343,1,1,2.106188736,382.187616
-13000,-13000,3482,1,772.1911855,0,1,0,-2799.812384
-13000,-13000,3682,1.009636272,787.1449785,1,1,0.267775897,-2999.812384
-13000,-13000,3682,1,811.162097,0,1,0,-2999.812384
-13000,-13000,3882,1.010832798,828.8315976,1,1,0.308527933,-3199.812384
-13000,-13000,100,1,2638.707638,0,1,0,582.187616
-13000,-13000,300,1.008429654,2683.381929,1,1,0.433017462,382.187616
-13000,-13000,100,1,2380.975327,0,1,0,582.187616
-13000,-13000,300,1.00044444,2383.0922,1,1,0.021686579,382.187616
-13000,-13000,3882,1,718.4632344,0,1,0,-3199.812384
-13000,-13000,4082,0.988689468,702.3027429,0,1,0.303169366,-3399.812384
-13000,-13000,100,1,2086.371259,0,1,0,582.187616
-13000,-13000,300,1.029614249,2211.773649,1,1,1.352684508,382.187616
-13000,-13000,4082,1,669.821429,0,1,0,-3399.812384
-13000,-13000,4282,1.009015496,681.9534161,1,1,0.233329222,-3599.812384
-13000,-13000,4282,1,746.9827979,0,1,0,-3599.812384
-13000,-13000,4482,0.971249084,704.647386,0,1,0.785790882,-3799.812384
-13000,-13000,100,1,2189.441985,0,1,0,582.187616
-13000,-13000,300,1.035995724,2349.899929,1,1,1.684292987,382.187616
-13000,-13000,100,1,2215.829222,0,1,0,582.187616
-13000,-13000,300,0.937884035,1949.10202,0,1,2.92395969,382.187616
-13000,-13000,4482,1,748.7119551,0,1,0,-3799.812384
-13000,-13000,4682,1.002204953,752.0173443,1,1,0.060333245,-3999.812384
-13000,-13000,4682,1,723.5842217,0,1,0,-3999.812384
-13000,-13000,4882,1.019508056,752.0910348,1,1,0.524757354,-4199.812384
-13000,-13000,100,1,2601.290307,0,1,0,582.187616
-13000,-13000,300,1.019591701,2704.216176,1,1,0.999232507,382.187616
-13000,-13000,100,1,2557.498257,0,1,0,582.187616
-13000,-13000,300,1.022120898,2671.898044,1,1,1.118691727,382.187616
-13000,-13000,6682,1,722.0790833,0,1,0,-5999.812384
-13000,-13000,6882,0.998814978,720.3687388,0,1,0.031843342,-6199.812384
-13000,-13000,100,1,2400.068601,0,1,0,582.187616
-13000,-13000,300,0.964790653,2234.034264,0,1,1.724923349,382.187616
-13000,-13000,8682,1,675.4018797,0,1,0,-7999.812384
-13000,-13000,8882,1.006237581,683.8539056,1,1,0.162105343,-8199.812384
-13000,-4333,920,1,4109.75172,0,1,0,0
-13000,-4333,1120,0.806914362,2675.903682,0,1,12.37820764,-200
-13000,-4333,925,1,3365.221688,0,1,0,-5
-13000,-4333,1125,0.88105386,2612.273207,0,1,6.900128693,-205
-13000,-4333,915,1,3406.901136,0,1,0,5
-13000,-4333,1115,0.884818883,2667.27808,0,1,6.722968115,-195
-13000,-4333,930,1,3208.823897,0,1,0,-10
-13000,-4333,1130,0.889119754,2536.684186,0,1,6.280975854,-210
-13000,-4333,910,1,3280.802635,0,1,0,10
-13000,-4333,1110,0.92327178,2796.657151,0,1,4.394861304,-190
-13000,-4333,935,1,3318.255358,0,1,0,-15
-13000,-4333,1135,0.882751483,2585.751089,0,1,6.75401871,-215
-13000,-4333,905,1,3516.945992,0,1,0,15
-13000,-4333,1105,0.884017882,2748.449737,0,1,6.878185513,-185
-13000,-4333,940,1,3232.035084,0,1,0,-20
-13000,-4333,1140,0.881501097,2511.434067,0,1,6.736779941,-220
-13000,-4333,900,1,3379.821242,0,1,0,20
-13000,-4333,1100,0.901207525,2745.006328,0,1,5.743422052,-180
-13000,-4333,945,1,3101.054738,0,1,0,-25
-13000,-4333,1145,0.888891396,2450.22991,0,1,6.187317579,-225
-13000,-4333,895,1,3417.372463,0,1,0,25
-13000,-4333,1095,0.89728311,2751.384598,0,1,6.004654419,-175
-13000,-4333,950,1,3067.252558,0,1,0,-30
-13000,-4333,1150,0.871734323,2330.868801,0,1,7.103710063,-230
-13000,-4333,890,1,3255.28431,0,1,0,30
-13000,-4333,1090,0.865503499,2438.521454,0,1,7.673711172,-170
-13000,-4333,955,1,2970.096731,0,1,0,-35
-13000,-4333,1155,0.877289977,2285.898426,0,1,6.687523727,-235
-13000,-4333,885,1,3292.497602,0,1,0,35
-13000,-4333,1085,0.937681764,2894.918939,0,1,3.575838399,-165
-13000,-4333,960,1,2953.650331,0,1,0,-40
-13000,-4333,1160,0.877095052,2272.230587,0,1,6.679576197,-240
-13000,-4333,880,1,3324.49791,0,1,0,40
-13000,-4333,1080,0.926345792,2852.8066,0,1,4.24678813,-160
-13000,-4333,965,1,2625.528351,0,1,0,-45
-13000,-4333,1165,0.940674941,2323.249549,0,1,3.03981069,-245
-13000,-4333,875,1,3574.251894,0,1,0,45
-13000,-4333,1075,0.849790653,2581.125112,0,1,8.980272909,-155
-13000,-4333,970,1,3057.82135,0,1,0,-50
-13000,-4333,1170,0.87996536,2367.790432,0,1,6.637624031,-250
-13000,-4333,870,1,3714.550477,0,1,0,50
-13000,-4333,1070,0.908588438,3066.483814,0,1,5.571270704,-150
-13000,-4333,720,1,6550.136415,0,1,0,200
-13000,-4333,920,0.870205751,4960.143525,0,1,10.50462666,0
-13000,-4333,1120,1,2633.906598,0,1,0,-200
-13000,-4333,1320,0.804054053,1702.828308,0,1,10.05625944,-400
-13000,-4333,1320,1,1704.540243,0,1,0,-400
-13000,-4333,1520,0.868436397,1285.533187,0,1,5.431745198,-600
-13000,-4333,520,1,15019.88844,0,1,0,400
-13000,-4333,720,0.765334823,8797.710266,0,1,28.75954438,200
-13000,-4333,320,1,6719.017654,0,1,0,600
-13000,-4333,520,1.180397065,9361.857446,1,1,14.78707778,400
-13000,-4333,1520,1,1210.577528,0,1,0,-600
-13000,-4333,1720,0.91172712,1006.288142,0,1,3.071309607,-800
-13000,-4333,1720,1,1005.062529,0,1,0,-800
-13000,-4333,1920,0.929932869,869.1530904,0,1,2.221318712,-1000
-13000,-4333,120,1,3905.473257,0,1,0,800
-13000,-4333,320,1.115949843,4863.657894,1,1,7.246144671,600
-13000,-4333,100,1,2909.456686,0,1,0,820
-13000,-4333,300,1.233922666,4429.837345,1,1,12.61764353,620
-13000,-4333,1920,1,864.3446894,0,1,0,-1000
-13000,-4333,2120,0.943317375,769.1351082,0,1,1.666454411,-1200
-13000,-4333,2120,1,741.6407717,0,1,0,-1200
-13000,-4333,2320,0.992237618,730.1716605,0,1,0.211393596,-1400
-13000,-4333,100,1,4537.42393,0,1,0,820
-13000,-4333,300,1.009911377,4627.813905,1,1,0.667634358,620
-13000,-4333,2320,1,737.3167733,0,1,0,-1400
-13000,-4333,2520,0.981418462,710.1703898,0,1,0.504555236,-1600
-13000,-4333,100,1,4211.616281,0,1,0,820
-13000,-4333,300,1.083988304,4948.778186,1,1,5.450586156,620
-13000,-4333,100,1,4593.324258,0,1,0,820
-13000,-4333,300,0.951432235,4157.984135,0,1,3.291634977,620
-13000,-4333,2520,1,707.234159,0,1,0,-1600
-13000,-4333,2720,0.988670765,691.3000894,0,1,0.301288257,-1800
-13000,-4333,2720,1,693.4393529,0,1,0,-1800
-13000,-4333,2920,1.019770026,721.1290141,1,1,0.520608767,-2000
-13000,-4333,100,1,3840.55664,0,1,0,820
-13000,-4333,300,1.112715328,4755.129138,1,1,6.985219655,620
-13000,-4333,100,1,4643.308303,0,1,0,820
-13000,-4333,300,1.039269131,5015.145949,1,1,2.675870255,620
-13000,-4333,2920,1,741.8532557,0,1,0,-2000
-13000,-4333,3120,0.975065284,705.3186949,0,1,0.679146447,-2200
-13000,-4333,3120,1,729.8803035,0,1,0,-2200
-13000,-4333,3320,0.987521599,711.778476,0,1,0.337120176,-2400
-13000,-4333,100,1,4118.571923,0,1,0,820
-13000,-4333,300,1.026497287,4339.725563,1,1,1.700492567,620
-13000,-4333,100,1,3977.734479,0,1,0,820
-13000,-4333,300,1.034863006,4259.920698,1,1,2.198784819,620
-13000,-4333,3320,1,682.5787817,0,1,0,-2400
-13000,-4333,3520,1.000243627,682.9114113,1,1,0.006365046,-2600
-13000,-4333,3520,1,688.798983,0,1,0,-2600
-13000,-4333,3720,0.991528214,677.1777044,0,1,0.222341842,-2800
-13000,-4333,100,1,3651.674706,0,1,0,820
-13000,-4333,300,1.023070678,3822.111557,1,1,1.394140054,620
-13000,-4333,100,1,3621.563774,0,1,0,820
-13000,-4333,300,1.039356843,3912.240071,1,1,2.368472393,620
-13000,-4333,3720,1,672.6048936,0,1,0,-2800
-13000,-4333,3920,1.000414188,673.1621794,1,1,0.010741823,-3000
-13000,-4333,3920,1,724.9368965,0,1,0,-3000
-13000,-4333,4120,0.986431407,705.3976145,0,1,0.365329654,-3200
-13000,-4333,100,1,3257.390815,0,1,0,820
-13000,-4333,300,1.046390724,3566.626481,1,1,2.6476836,620
-13000,-4333,100,1,3703.57636,0,1,0,820
-13000,-4333,300,1.004510259,3737.059875,1,1,0.274480882,620
-13000,-4333,4120,1,708.4112268,0,1,0,-3200
-13000,-4333,4320,0.994606956,700.7908448,0,1,0.143541241,-3400
-13000,-4333,100,1,3790.061586,0,1,0,820
-13000,-4333,300,1.038948444,4091.045041,1,1,2.397801598,620
-13000,-4333,4320,1,649.5380536,0,1,0,-3400
-13000,-4333,4520,0.994712491,642.6873364,0,1,0.134757651,-3600
-13000,-4333,4520,1,637.4399645,0,1,0,-3600
-13000,-4333,4720,0.99319071,628.7884928,0,1,0.171918057,-3800
-13000,-4333,100,1,3648.920823,0,1,0,820
-13000,-4333,300,1.012516939,3740.83915,1,1,0.756101933,620
-13000,-4333,100,1,3390.496006,0,1,0,820
-13000,-4333,300,1.047384997,3719.426099,1,1,2.759131967,620
-13000,-4333,4720,1,643.7207331,0,1,0,-3800
-13000,-4333,4920,0.998961265,642.3841169,0,1,0.026354426,-4000
-13000,-4333,4920,1,626.3741824,0,1,0,-4000
-13000,-4333,5120,1.001162947,627.8319097,1,1,0.029105623,-4200
-13000,-4333,100,1,3698.704224,0,1,0,820
-13000,-4333,300,1.02686387,3900.096481,1,1,1.633779291,620
-13000,-4333,100,1,3578.557325,0,1,0,820
-13000,-4333,300,1.057152676,3999.294681,1,1,3.418932753,620
-13000,-4333,6920,1,725.0947908,0,1,0,-6000
-13000,-4333,7120,0.979273202,695.3485059,0,1,0.558122584,-6200
-13000,-4333,100,1,3153.219248,0,1,0,820
-13000,-4333,300,1.055721899,3514.416504,1,1,3.128981504,620
-13000,-4333,8920,1,674.2975529,0,1,0,-8000
-13000,-4333,9120,1.014955488,694.6172691,1,1,0.388352754,-8200
-13000,4333,474,1,8164.887269,0,1,0,0
-13000,4333,674,0.755661788,4662.352618,0,1,22.07834356,-200
-13000,4333,479,1,5891.23564,0,1,0,-5
-13000,4333,679,1.03328999,6290.002795,1,1,2.555152707,-205
-13000,4333,469,1,7855.850486,0,1,0,5
-13000,4333,669,0.780034621,4779.92373,0,1,19.4962433,-195
-13000,4333,484,1,5620.60739,0,1,0,-10
-13000,4333,684,0.894771723,4499.950656,0,1,7.889038679,-210
-13000,4333,464,1,6855.082351,0,1,0,10
-13000,4333,664,0.966296276,6400.785709,0,1,2.790514171,-190
-13000,4333,489,1,7858.344772,0,1,0,-15
-13000,4333,689,0.883719664,6137.056422,0,1,10.3079385,-215
-13000,4333,459,1,7921.162471,0,1,0,15
-13000,4333,659,0.867888153,5966.45599,0,1,11.75807496,-185
-13000,4333,494,1,6622.64971,0,1,0,-20
-13000,4333,694,0.923233833,5644.886407,0,1,6.247204901,-220
-13000,4333,454,1,8169.828504,0,1,0,20
-13000,4333,654,0.901099955,6633.746576,0,1,8.939288586,-180
-13000,4333,499,1,7382.661967,0,1,0,-25
-13000,4333,699,0.875295384,5656.16747,0,1,10.7149222,-225
-13000,4333,449,1,8090.295797,0,1,0,25
-13000,4333,649,0.851406768,5864.602712,0,1,13.36537748,-175
-13000,4333,504,1,6133.692188,0,1,0,-30
-13000,4333,704,0.98487164,5949.510583,0,1,1.18482126,-230
-13000,4333,444,1,8252.359489,0,1,0,30
-13000,4333,644,0.893869337,6593.654967,0,1,9.641174577,-170
-13000,4333,509,1,5535.882335,0,1,0,-35
-13000,4333,709,1.032958022,5906.799053,1,1,2.452192565,-235
-13000,4333,439,1,6728.45647,0,1,0,35
-13000,4333,639,0.865096667,5035.524627,0,1,11.06573854,-165
-13000,4333,514,1,6241.721403,0,1,0,-40
-13000,4333,714,0.898895046,5043.387686,0,1,7.987753008,-240
-13000,4333,434,1,8281.247732,0,1,0,40
-13000,4333,634,0.898880888,6691.13927,0,1,9.201976866,-160
-13000,4333,519,1,7037.904624,0,1,0,-45
-13000,4333,719,0.891446941,5592.865493,0,1,9.106757171,-245
-13000,4333,429,1,6091.727096,0,1,0,45
-13000,4333,629,0.964749046,5669.818471,0,1,2.751319952,-155
-13000,4333,524,1,6687.932493,0,1,0,-50
-13000,4333,724,0.905487237,5483.483582,0,1,7.729232989,-250
-13000,4333,424,1,8582.658338,0,1,0,50
-13000,4333,624,0.781060758,5235.901426,0,1,20.28310888,-150
-13000,4333,274,1,5786.212648,0,1,0,200
-13000,4333,474,1.30209721,9810.275567,1,1,22.97967642,0
-13000,4333,674,1,6250.36847,0,1,0,-200
-13000,4333,874,0.796973198,3970.023275,0,1,16.05115117,-400
-13000,4333,874,1,3949.829236,0,1,0,-400
-13000,4333,1074,0.766442199,2320.262584,0,1,14.67856287,-600
-13000,4333,100,1,7441.918996,0,1,0,374
-13000,4333,300,1.106848777,9117.200747,1,1,9.217476184,174
-13000,4333,100,1,7818.013827,0,1,0,374
-13000,4333,300,1.082647218,9163.689454,1,1,7.307628464,174
-13000,4333,1074,1,2420.873516,0,1,0,-600
-13000,4333,1274,0.864054822,1807.401737,0,1,6.688825383,-800
-13000,4333,1274,1,1849.100746,0,1,0,-800
-13000,4333,1474,0.82346709,1253.871607,0,1,7.591121928,-1000
-13000,4333,100,1,7508.600951,0,1,0,374
-13000,4333,300,0.890988965,5960.787981,0,1,9.446044235,174
-13000,4333,100,1,1805.623693,0,1,0,374
-13000,4333,300,2.100423151,7966.009824,1,1,46.75987494,174
-13000,4333,1474,1,1419.064006,0,1,0,-1000
-13000,4333,1674,0.900475158,1150.655867,0,1,3.749147188,-1200
-13000,4333,1674,1,1166.225015,0,1,0,-1200
-13000,4333,1874,0.92728424,1002.785649,0,1,2.483245878,-1400
-13000,4333,100,1,8542.726728,0,1,0,374
-13000,4333,300,1.036498047,9177.692237,1,1,3.373400308,174
-13000,4333,1874,1,1041.742972,0,1,0,-1400
-13000,4333,2074,0.961550725,963.1745057,0,1,1.240990466,-1600
-13000,4333,100,1,7837.559349,0,1,0,374
-13000,4333,300,1.025171136,8237.085664,1,1,2.228400461,174
-13000,4333,100,1,7547.303461,0,1,0,374
-13000,4333,300,1.020124032,7854.124297,1,1,1.748279671,174
-13000,4333,2074,1,962.0946796,0,1,0,-1600
-13000,4333,2274,0.977317701,918.9446261,0,1,0.703551636,-1800
-13000,4333,2274,1,918.2999102,0,1,0,-1800
-13000,4333,2474,0.989163693,898.505783,0,1,0.328377629,-2000
-13000,4333,100,1,7855.995172,0,1,0,374
-13000,4333,300,1.01976462,8169.605554,1,1,1.751818334,174
-13000,4333,100,1,7598.531856,0,1,0,374
-13000,4333,300,1.032307154,8097.436714,1,1,2.816200315,174
-13000,4333,2474,1,928.5024314,0,1,0,-2000
-13000,4333,2674,0.989611948,909.3119653,0,1,0.31653783,-2200
-13000,4333,2674,1,903.1084031,0,1,0,-2200
-13000,4333,2874,1.001379681,905.6021247,1,1,0.041461837,-2400
-13000,4333,100,1,7656.002958,0,1,0,374
-13000,4333,300,0.972501769,7240.73899,0,1,2.406056393,174
-13000,4333,100,1,6080.905242,0,1,0,374
-13000,4333,300,1.09256719,7258.795218,1,1,7.21840419,174
-13000,4333,2874,1,888.4141323,0,1,0,-2400
-13000,4333,3074,1.004290659,896.0542519,1,1,0.127888568,-2600
-13000,4333,3074,1,899.70393,0,1,0,-2600
-13000,4333,3274,1.001610577,902.6043492,1,1,0.04830937,-2800
-13000,4333,100,1,7180.841464,0,1,0,374
-13000,4333,300,1.054792914,7989.318699,1,1,4.643143083,174
-13000,4333,100,1,7483.719764,0,1,0,374
-13000,4333,300,1.001469301,7505.727599,1,1,0.127107046,174
-13000,4333,3274,1,908.4405597,0,1,0,-2800
-13000,4333,3474,0.974831293,863.2874757,0,1,0.758593576,-3000
-13000,4333,3474,1,875.7257436,0,1,0,-3000
-13000,4333,3674,0.970431708,824.7039481,0,1,0.875004509,-3200
-13000,4333,100,1,7768.782534,0,1,0,374
-13000,4333,300,1.012437751,7963.236711,1,1,1.096272043,174
-13000,4333,100,1,6997.935167,0,1,0,374
-13000,4333,300,1.034869671,7494.475311,1,1,2.916975687,174
-13000,4333,3674,1,843.0559926,0,1,0,-3200
-13000,4333,3874,0.990600735,827.2822607,0,1,0.272911658,-3400
-13000,4333,100,1,7481.396931,0,1,0,374
-13000,4333,300,0.925033323,6401.731473,0,1,6.484247854,174
-13000,4333,3874,1,826.9203622,0,1,0,-3400
-13000,4333,4074,0.992559554,814.6608277,0,1,0.213959131,-3600
-13000,4333,4074,1,811.3568848,0,1,0,-3600
-13000,4333,4274,0.999474191,810.5038725,0,1,0.014977301,-3800
-13000,4333,100,1,7486.784401,0,1,0,374
-13000,4333,300,0.994282794,7401.422137,0,1,0.494688167,174
-13000,4333,100,1,7259.918717,0,1,0,374
-13000,4333,300,1.007814518,7373.82759,1,1,0.665837249,174
-13000,4333,4274,1,826.5849499,0,1,0,-3800
-13000,4333,4474,0.984738868,801.5482196,0,1,0.438763497,-4000
-13000,4333,4474,1,796.7984475,0,1,0,-4000
-13000,4333,4674,1.001597978,799.3470157,1,1,0.045107127,-4200
-13000,4333,100,1,7551.675545,0,1,0,374
-13000,4333,300,1.002820628,7594.336558,1,1,0.245113625,174
-13000,4333,100,1,7469.556906,0,1,0,374
-13000,4333,300,0.989453118,7312.82672,0,1,0.911531162,174
-13000,4333,6474,1,776.5153489,0,1,0,-6000
-13000,4333,6674,1.013331688,797.3578825,1,1,0.371501146,-6200
-13000,4333,100,1,6223.34288,0,1,0,374
-13000,4333,300,0.875981128,4775.438206,0,1,9.783621442,174
-13000,4333,8474,1,835.66893,0,1,0,-8000
-13000,4333,8674,0.9941146,825.8613837,0,1,0.17013479,-8200
-13000,13000,127,1,3514.759269,0,1,0,0
-13000,13000,327,1.008400542,3574.059071,1,1,0.498029563,-200
-13000,13000,132,1,5719.020657,0,1,0,-5
-13000,13000,332,0.983335385,5529.998333,0,1,1.260248261,-205
-13000,13000,122,1,3628.542671,0,1,0,5
-13000,13000,322,1.137595106,4695.779164,1,1,8.288369485,-195
-13000,13000,137,1,5778.263234,0,1,0,-10
-13000,13000,337,0.943360004,5142.238806,0,1,4.305482957,-210
-13000,13000,117,1,6051.732727,0,1,0,10
-13000,13000,317,0.95251315,5490.623938,0,1,3.694139017,-190
-13000,13000,142,1,6205.971642,0,1,0,-15
-13000,13000,342,0.984001898,6008.99246,0,1,1.260298309,-215
-13000,13000,112,1,6140.426189,0,1,0,15
-13000,13000,312,0.968082303,5754.705159,0,1,2.501098548,-185
-13000,13000,147,1,6278.736875,0,1,0,-20
-13000,13000,347,0.809323546,4112.601552,0,1,15.10891256,-220
-13000,13000,107,1,5485.177501,0,1,0,20
-13000,13000,307,0.811625845,3613.286699,0,1,13.95136367,-180
-13000,13000,152,1,5606.550071,0,1,0,-25
-13000,13000,352,0.893263656,4473.578206,0,1,7.99208648,-225
-13000,13000,102,1,5576.242567,0,1,0,25
-13000,13000,302,1.017921299,5777.900524,1,1,1.338259424,-175
-13000,13000,157,1,5865.526549,0,1,0,-30
-13000,13000,357,0.966371841,5477.665876,0,1,2.575470608,-230
-13000,13000,100,1,6234.365895,0,1,0,27
-13000,13000,300,0.980371086,5992.020292,0,1,1.549859837,-173
-13000,13000,162,1,5623.223319,0,1,0,-35
-13000,13000,362,0.974741086,5342.737977,0,1,1.894119358,-235
-13000,13000,100,1,6231.144084,0,1,0,27
-13000,13000,300,0.983279264,6024.507573,0,1,1.319894728,-173
-13000,13000,167,1,5456.918263,0,1,0,-40
-13000,13000,367,0.960645832,5035.864715,0,1,2.907130028,-240
-13000,13000,100,1,5224.716441,0,1,0,27
-13000,13000,300,0.834976122,3642.59458,0,1,11.92828897,-173
-13000,13000,172,1,6105.544973,0,1,0,-45
-13000,13000,372,0.922987651,5201.351645,0,1,6.017589879,-245
-13000,13000,100,1,5784.181685,0,1,0,27
-13000,13000,300,0.985818515,5621.288399,0,1,1.078555919,-173
-13000,13000,177,1,5887.514471,0,1,0,-50
-13000,13000,377,0.935635484,5154.011172,0,1,4.938698372,-250
-13000,13000,100,1,6335.737342,0,1,0,27
-13000,13000,300,0.951389342,5734.739942,0,1,3.869279316,-173
-13000,13000,100,1,6130.528185,0,1,0,27
-13000,13000,300,0.974029451,5816.236674,0,1,2.033433981,-173
-13000,13000,327,1,5038.103304,0,1,0,-200
-13000,13000,527,0.729438071,2680.673499,0,1,19.2043769,-400
-13000,13000,527,1,3878.998706,0,1,0,-400
-13000,13000,727,0.848642916,2793.634694,0,1,9.426762576,-600
-13000,13000,100,1,5733.364652,0,1,0,27
-13000,13000,300,0.934551141,5007.439472,0,1,4.955721175,-173
-13000,13000,100,1,5270.108389,0,1,0,27
-13000,13000,300,1.020021795,5483.255085,1,1,1.453492442,-173
-13000,13000,727,1,2648.692144,0,1,0,-600
-13000,13000,927,0.853295742,1928.548832,0,1,7.550200105,-800
-13000,13000,927,1,1940.23657,0,1,0,-800
-13000,13000,1127,0.873678897,1481.011319,0,1,5.564206666,-1000
-13000,13000,100,1,4659.97287,0,1,0,27
-13000,13000,300,1.059753423,5233.509832,1,1,4.079007317,-173
-13000,13000,100,1,5359.62073,0,1,0,27
-13000,13000,300,0.830622372,3697.782021,0,1,12.40003972,-173
-13000,13000,1127,1,1494.484207,0,1,0,-1000
-13000,13000,1327,0.890214616,1184.351927,0,1,4.244144777,-1200
-13000,13000,1327,1,1252.611073,0,1,0,-1200
-13000,13000,1527,0.920903291,1062.292942,0,1,2.799410187,-1400
-13000,13000,100,1,5969.791045,0,1,0,27
-13000,13000,300,0.956174329,5457.996958,0,1,3.386165207,-173
-13000,13000,1527,1,1052.750524,0,1,0,-1400
-13000,13000,1727,0.949100715,948.309425,0,1,1.651484182,-1600
-13000,13000,100,1,6233.373067,0,1,0,27
-13000,13000,300,0.933242673,5428.905701,0,1,5.270605343,-173
-13000,13000,100,1,5795.282065,0,1,0,27
-13000,13000,300,0.990756481,5688.639631,0,1,0.703679053,-173
-13000,13000,1727,1,937.6659961,0,1,0,-1600
-13000,13000,1927,0.986589596,912.6856649,0,1,0.410644445,-1800
-13000,13000,1927,1,902.044762,0,1,0,-1800
-13000,13000,2127,0.994928368,892.9182859,0,1,0.152321698,-2000
-13000,13000,100,1,5102.694855,0,1,0,27
-13000,13000,300,1.007536562,5179.898235,1,1,0.538360337,-173
-13000,13000,100,1,5240.671555,0,1,0,27
-13000,13000,300,1.004108517,5283.822795,1,1,0.297425756,-173
-13000,13000,2127,1,851.8256689,0,1,0,-2000
-13000,13000,2327,0.999424142,850.8448903,0,1,0.016807019,-2200
-13000,13000,2327,1,855.828267,0,1,0,-2200
-13000,13000,2527,1.003789269,862.3264823,1,1,0.110853329,-2400
-13000,13000,100,1,5888.85291,0,1,0,27
-13000,13000,300,0.984981792,5713.301088,0,1,1.152480163,-173
-13000,13000,100,1,6000.134442,0,1,0,27
-13000,13000,300,0.999885043,5998.755006,0,1,0.008904635,-173
-13000,13000,2527,1,842.9543352,0,1,0,-2400
-13000,13000,2727,1.009703395,859.3927425,1,1,0.281725234,-2600
-13000,13000,2727,1,857.5884729,0,1,0,-2600
-13000,13000,2927,1.008016677,871.3936071,1,1,0.23476527,-2800
-13000,13000,100,1,5607.58617,0,1,0,27
-13000,13000,300,0.991240007,5509.771651,0,1,0.655981723,-173
-13000,13000,100,1,5835.805225,0,1,0,27
-13000,13000,300,0.983652519,5646.56336,0,1,1.248823975,-173
-13000,13000,2927,1,852.3804921,0,1,0,-2800
-13000,13000,3127,0.983834413,825.0447792,0,1,0.471963304,-3000
-13000,13000,3127,1,835.3442581,0,1,0,-3000
-13000,13000,3327,1.005877853,845.1931808,1,1,0.169883617,-3200
-13000,13000,100,1,5578.791754,0,1,0,27
-13000,13000,300,1.033428604,5958.00834,1,1,2.496826242,-173
-13000,13000,100,1,5713.440735,0,1,0,27
-13000,13000,300,0.96055242,5271.568664,0,1,2.981736284,-173
-13000,13000,3327,1,837.3392718,0,1,0,-3200
-13000,13000,3527,0.995298576,829.4844067,0,1,0.136044224,-3400
-13000,13000,100,1,5483.532117,0,1,0,27
-13000,13000,300,1.003583704,5522.905254,1,1,0.265376424,-173
-13000,13000,3527,1,832.7601779,0,1,0,-3400
-13000,13000,3727,1.001981316,836.0633694,1,1,0.057175997,-3600
-13000,13000,3727,1,832.0190144,0,1,0,-3600
-13000,13000,3927,1.003853837,838.4443032,1,1,0.11116293,-3800
-13000,13000,100,1,5842.404496,0,1,0,27
-13000,13000,300,1.000295951,5845.86314,1,1,0.022621207,-173
-13000,13000,100,1,6112.548858,0,1,0,27
-13000,13000,300,0.93477851,5341.211597,0,1,5.099198107,-173
-13000,13000,3927,1,841.032275,0,1,0,-3800
-13000,13000,4127,1.004642366,848.8591608,1,1,0.134631213,-4000
-13000,13000,4127,1,851.318913,0,1,0,-4000
-13000,13000,4327,0.994247847,841.553247,0,1,0.167832706,-4200
-13000,13000,100,1,5817.882752,0,1,0,27
-13000,13000,300,0.992101587,5726.341614,0,1,0.602451852,-173
-13000,13000,100,1,6036.640687,0,1,0,27
-13000,13000,300,1.000667365,6044.700666,1,1,0.051851498,-173
-13000,13000,6127,1,913.7127964,0,1,0,-6000
-13000,13000,6327,0.99994358,913.6096961,0,1,0.001705443,-6200
-13000,13000,100,1,6056.215045,0,1,0,27
-13000,13000,300,0.988370178,5916.168764,0,1,0.905052341,-173
-13000,13000,8127,1,871.238411,0,1,0,-8000
-13000,13000,8327,0.998379493,868.4170034,0,1,0.04783209,-8200
-4333,-13000,922,1,13081.28185,0,1,0,0.25033165
-4333,-13000,1122,0.729481083,6961.108003,0,1,30.9401768,-199.7496684
-4333,-13000,927,1,9426.884387,0,1,0,-4.74966835
-4333,-13000,1127,0.861470183,6995.981964,0,1,13.45015695,-204.7496684
-4333,-13000,917,1,9572.283542,0,1,0,5.25033165
-4333,-13000,1117,0.872585557,7288.389854,0,1,12.46598034,-194.7496684
-4333,-13000,932,1,10058.72423,0,1,0,-9.74966835
-4333,-13000,1132,0.836704621,7041.857564,0,1,16.37741472,-209.7496684
-4333,-13000,912,1,10028.54392,0,1,0,10.25033165
-4333,-13000,1112,0.856664419,7359.686902,0,1,14.35400035,-189.7496684
-4333,-13000,937,1,9910.425602,0,1,0,-14.74966835
-4333,-13000,1137,0.829528568,6819.538721,0,1,16.97062212,-214.7496684
-4333,-13000,907,1,10152.51479,0,1,0,15.25033165
-4333,-13000,1107,0.808163381,6630.892202,0,1,19.32939789,-184.7496684
-4333,-13000,942,1,9308.228942,0,1,0,-19.74966835
-4333,-13000,1142,0.849801352,6722.052375,0,1,14.49103988,-219.7496684
-4333,-13000,902,1,10489.92094,0,1,0,20.25033165
-4333,-13000,1102,0.862018728,7794.811504,0,1,14.13208537,-179.7496684
-4333,-13000,947,1,9415.734049,0,1,0,-24.74966835
-4333,-13000,1147,0.844810599,6720.055978,0,1,15.05875783,-224.7496684
-4333,-13000,897,1,11102.2463,0,1,0,25.25033165
-4333,-13000,1097,0.860772928,8225.987733,0,1,14.66996636,-174.7496684
-4333,-13000,952,1,9713.948557,0,1,0,-29.74966835
-4333,-13000,1152,0.832864502,6738.2094,0,1,16.47276869,-229.7496684
-4333,-13000,892,1,6068.141464,0,1,0,30.25033165
-4333,-13000,1092,1.127707346,7717.000275,1,1,9.948182138,-169.7496684
-4333,-13000,957,1,8921.038531,0,1,0,-34.74966835
-4333,-13000,1157,0.835845073,6232.567473,0,1,15.50463796,-234.7496684
-4333,-13000,887,1,10817.56583,0,1,0,35.25033165
-4333,-13000,1087,0.872269691,8230.592719,0,1,13.28491362,-164.7496684
-4333,-13000,962,1,8437.604182,0,1,0,-39.74966835
-4333,-13000,1162,0.814983716,5604.243684,0,1,16.99493578,-239.7496684
-4333,-13000,882,1,10884.51535,0,1,0,40.25033165
-4333,-13000,1082,0.848217049,7831.105794,0,1,15.83534537,-159.7496684
-4333,-13000,967,1,7325.371624,0,1,0,-44.74966835
-4333,-13000,1167,0.887555457,5770.595848,0,1,9.623946816,-244.7496684
-4333,-13000,877,1,9794.326909,0,1,0,45.25033165
-4333,-13000,1077,0.885871453,7686.276597,0,1,11.29487913,-154.7496684
-4333,-13000,972,1,8057.981477,0,1,0,-49.74966835
-4333,-13000,1172,0.834504714,5611.563126,0,1,14.85589295,-249.7496684
-4333,-13000,872,1,9074.526328,0,1,0,50.25033165
-4333,-13000,1072,0.909367107,7504.166249,0,1,8.633717364,-149.7496684
-4333,-13000,722,1,12374.7376,0,1,0,200.2503316
-4333,-13000,922,1.107746812,15185.07763,1,1,11.98594908,0.25033165
-4333,-13000,1122,1,7335.914964,0,1,0,-199.7496684
-4333,-13000,1322,0.586203939,2520.877563,0,1,35.44161444,-399.7496684
-4333,-13000,1322,1,3999.256167,0,1,0,-399.7496684
-4333,-13000,1522,0.790950057,2501.942629,0,1,13.22024989,-599.7496684
-4333,-13000,522,1,5180.332671,0,1,0,400.2503316
-4333,-13000,722,1.005509795,5237.575074,1,1,0.39656487,200.2503316
-4333,-13000,322,1,3952.573435,0,1,0,600.2503316
-4333,-13000,522,1.132677569,5070.987588,1,1,8.341371804,400.2503316
-4333,-13000,1522,1,2408.19682,0,1,0,-599.7496684
-4333,-13000,1722,0.838194813,1691.928153,0,1,7.940327737,-799.7496684
-4333,-13000,1722,1,1753.507796,0,1,0,-799.7496684
-4333,-13000,1922,0.881196582,1361.611808,0,1,4.974882024,-999.7496684
-4333,-13000,122,1,2755.634144,0,1,0,800.2503316
-4333,-13000,322,1.053095568,3056.026579,1,1,2.78720586,600.2503316
-4333,-13000,100,1,2742.048722,0,1,0,822.2503316
-4333,-13000,300,1.017568709,2839.243593,1,1,0.919977971,622.2503316
-4333,-13000,1922,1,1336.61737,0,1,0,-999.7496684
-4333,-13000,2122,0.918469248,1127.551378,0,1,2.980746206,-1199.749668
-4333,-13000,2122,1,1123.754135,0,1,0,-1199.749668
-4333,-13000,2322,0.943702486,1000.786645,0,1,1.887230158,-1399.749668
-4333,-13000,100,1,2754.7276,0,1,0,822.2503316
-4333,-13000,300,1.004421201,2779.139857,1,1,0.232048957,622.2503316
-4333,-13000,2322,1,1048.993063,0,1,0,-1399.749668
-4333,-13000,2522,0.954585068,955.8767318,0,1,1.470906178,-1599.749668
-4333,-13000,100,1,2688.910592,0,1,0,822.2503316
-4333,-13000,300,1.014367899,2766.733675,1,1,0.745043211,622.2503316
-4333,-13000,100,1,2622.288659,0,1,0,822.2503316
-4333,-13000,300,1.012501494,2688.263542,1,1,0.640180096,622.2503316
-4333,-13000,2522,1,965.1217598,0,1,0,-1599.749668
-4333,-13000,2722,0.977491325,922.1635057,0,1,0.699263696,-1799.749668
-4333,-13000,2722,1,917.2297065,0,1,0,-1799.749668
-4333,-13000,2922,0.972639207,867.7240929,0,1,0.828643505,-1999.749668
-4333,-13000,100,1,2714.702065,0,1,0,822.2503316
-4333,-13000,300,1.001972065,2725.419762,1,1,0.102750128,622.2503316
-4333,-13000,100,1,2568.261907,0,1,0,822.2503316
-4333,-13000,300,0.992470354,2529.731311,0,1,0.381587555,622.2503316
-4333,-13000,2922,1,868.1185109,0,1,0,-1999.749668
-4333,-13000,3122,0.997729204,864.1803466,0,1,0.066906405,-2199.749668
-4333,-13000,3122,1,849.0002472,0,1,0,-2199.749668
-4333,-13000,3322,0.999473607,848.1066668,0,1,0.015337835,-2399.749668
-4333,-13000,100,1,2602.432783,0,1,0,822.2503316
-4333,-13000,300,1.018426544,2699.22409,1,1,0.940012535,622.2503316
-4333,-13000,100,1,2572.144058,0,1,0,822.2503316
-4333,-13000,300,1.020804703,2680.28276,1,1,1.055137751,622.2503316
-4333,-13000,3322,1,847.8226607,0,1,0,-2399.749668
-4333,-13000,3522,1.002335332,851.7871787,1,1,0.067998773,-2599.749668
-4333,-13000,3522,1,855.4777196,0,1,0,-2599.749668
-4333,-13000,3722,0.990123268,838.6625227,0,1,0.288880102,-2799.749668
-4333,-13000,100,1,2683.183544,0,1,0,822.2503316
-4333,-13000,300,1.010927231,2742.143463,1,1,0.566024637,622.2503316
-4333,-13000,100,1,2610.601212,0,1,0,822.2503316
-4333,-13000,300,1.024852118,2741.971532,1,1,1.269795196,622.2503316
-4333,-13000,3722,1,823.0925299,0,1,0,-2799.749668
-4333,-13000,3922,0.989486815,805.8768565,0,1,0.301618946,-2999.749668
-4333,-13000,3922,1,805.4989925,0,1,0,-2999.749668
-4333,-13000,4122,0.983644969,779.3665307,0,1,0.464177278,-3199.749668
-4333,-13000,100,1,2724.043026,0,1,0,822.2503316
-4333,-13000,300,1.031026166,2895.698473,1,1,1.61932898,622.2503316
-4333,-13000,100,1,2726.201125,0,1,0,822.2503316
-4333,-13000,300,1.022008322,2847.51983,1,1,1.149121316,622.2503316
-4333,-13000,4122,1,791.2004434,0,1,0,-3199.749668
-4333,-13000,4322,0.992572433,779.4907036,0,1,0.208924737,-3399.749668
-4333,-13000,100,1,2906.029567,0,1,0,822.2503316
-4333,-13000,300,1.006421207,2943.469821,1,1,0.346151857,622.2503316
-4333,-13000,4322,1,777.0296664,0,1,0,-3399.749668
-4333,-13000,4522,0.99434856,768.2718103,0,1,0.15753532,-3599.749668
-4333,-13000,4522,1,757.7300631,0,1,0,-3599.749668
-4333,-13000,4722,1.000810593,758.9589831,1,1,0.022313124,-3799.749668
-4333,-13000,100,1,2677.037724,0,1,0,822.2503316
-4333,-13000,300,1.012752954,2745.753391,1,1,0.659839096,622.2503316
-4333,-13000,100,1,2622.72491,0,1,0,822.2503316
-4333,-13000,300,1.00577065,2653.081904,1,1,0.295529689,622.2503316
-4333,-13000,4722,1,751.6839151,0,1,0,-3799.749668
-4333,-13000,4922,1.001650624,754.1674579,1,1,0.045254914,-3999.749668
-4333,-13000,4922,1,748.6153365,0,1,0,-3999.749668
-4333,-13000,5122,1.012879832,768.0236041,1,1,0.352402974,-4199.749668
-4333,-13000,100,1,2616.638515,0,1,0,822.2503316
-4333,-13000,300,1.003190362,2633.361198,1,1,0.163196888,622.2503316
-4333,-13000,100,1,2498.371112,0,1,0,822.2503316
-4333,-13000,300,1.017920717,2588.718671,1,1,0.895743874,622.2503316
-4333,-13000,6922,1,739.9277975,0,1,0,-5999.749668
-4333,-13000,7122,1.024944868,777.3030172,1,1,0.678540665,-6199.749668
-4333,-13000,100,1,2361.540045,0,1,0,822.2503316
-4333,-13000,300,1.030921764,2509.844012,1,1,1.502664123,622.2503316
-4333,-13000,8922,1,766.3461599,0,1,0,-7999.749668
-4333,-13000,9122,1.006378362,776.1534045,1,1,0.176571936,-8199.749668
-4333,-4333,745,1,11395.31102,0,1,0,0.666941254
-4333,-4333,945,0.749800645,6406.455332,0,1,26.70848642,-199.3330587
-4333,-4333,750,1,7935.838084,0,1,0,-4.333058746
-4333,-4333,950,0.809091693,5195.032664,0,1,17.00674602,-204.3330587
-4333,-4333,740,1,8030.422399,0,1,0,5.666941254
-4333,-4333,940,0.873584436,6128.414979,0,1,11.32843043,-194.3330587
-4333,-4333,755,1,7845.453679,0,1,0,-9.333058746
-4333,-4333,955,0.795438015,4963.988285,0,1,18.11898896,-209.3330587
-4333,-4333,735,1,7918.697751,0,1,0,10.66694125
-4333,-4333,935,0.815014436,5259.983348,0,1,16.46132242,-189.3330587
-4333,-4333,760,1,6769.773105,0,1,0,-14.33305875
-4333,-4333,960,0.928354127,5834.470627,0,1,5.894924358,-214.3330587
-4333,-4333,730,1,6475.454381,0,1,0,15.66694125
-4333,-4333,930,0.910611756,5369.535943,0,1,7.193090573,-184.3330587
-4333,-4333,765,1,7118.339422,0,1,0,-19.33305875
-4333,-4333,965,0.897000935,5727.491905,0,1,8.690057065,-219.3330587
-4333,-4333,725,1,7855.35742,0,1,0,20.66694125
-4333,-4333,925,0.877628722,6050.449026,0,1,10.84582192,-179.3330587
-4333,-4333,770,1,7565.737586,0,1,0,-24.33305875
-4333,-4333,970,0.867407905,5692.434287,0,1,11.53302592,-224.3330587
-4333,-4333,720,1,7160.28975,0,1,0,25.66694125
-4333,-4333,920,0.964696196,6663.643108,0,1,2.987354769,-174.3330587
-4333,-4333,775,1,7688.650366,0,1,0,-29.33305875
-4333,-4333,975,0.856576449,5641.341244,0,1,12.57608687,-229.3330587
-4333,-4333,715,1,8338.789351,0,1,0,30.66694125
-4333,-4333,915,0.903941973,6813.717268,0,1,8.771728104,-169.3330587
-4333,-4333,780,1,6861.50431,0,1,0,-34.33305875
-4333,-4333,980,0.898472281,5538.966094,0,1,8.409967155,-234.3330587
-4333,-4333,710,1,7269.526791,0,1,0,35.66694125
-4333,-4333,910,0.969578304,6833.951925,0,1,2.59380002,-164.3330587
-4333,-4333,785,1,7419.299275,0,1,0,-39.33305875
-4333,-4333,985,0.857091914,5450.265842,0,1,12.3094386,-239.3330587
-4333,-4333,705,1,8412.689185,0,1,0,40.66694125
-4333,-4333,905,0.830487757,5802.315142,0,1,15.54778376,-159.3330587
-4333,-4333,790,1,7360.15834,0,1,0,-44.33305875
-4333,-4333,990,0.864709228,5503.352671,0,1,11.60678006,-244.3330587
-4333,-4333,700,1,8988.224067,0,1,0,45.66694125
-4333,-4333,900,0.861734364,6674.530378,0,1,13.10844578,-154.3330587
-4333,-4333,795,1,6448.23421,0,1,0,-49.33305875
-4333,-4333,995,0.902578705,5253.043159,0,1,7.823017455,-249.3330587
-4333,-4333,695,1,8793.155348,0,1,0,50.66694125
-4333,-4333,895,0.887843929,6931.352799,0,1,10.51707957,-149.3330587
-4333,-4333,545,1,6440.138457,0,1,0,200.6669413
-4333,-4333,745,1.224008886,9648.600969,1,1,17.97681913,0.666941254
-4333,-4333,945,1,5338.911785,0,1,0,-199.3330587
-4333,-4333,1145,0.789575194,3328.432363,0,1,15.37528974,-399.3330587
-4333,-4333,1145,1,2924.469208,0,1,0,-399.3330587
-4333,-4333,1345,0.860822374,2167.076018,0,1,7.526497983,-599.3330587
-4333,-4333,345,1,5575.155664,0,1,0,400.6669413
-4333,-4333,545,1.212211254,8192.446632,1,1,15.84517026,200.6669413
-4333,-4333,145,1,4473.397823,0,1,0,600.6669413
-4333,-4333,345,1.041199321,4849.5928,1,1,2.755553301,400.6669413
-4333,-4333,1345,1,2112.497619,0,1,0,-599.3330587
-4333,-4333,1545,0.887250944,1662.988203,0,1,5.182162509,-799.3330587
-4333,-4333,1545,1,1679.059024,0,1,0,-799.3330587
-4333,-4333,1745,0.863457308,1251.836766,0,1,5.595017404,-999.3330587
-4333,-4333,100,1,4431.504509,0,1,0,645.6669413
-4333,-4333,300,1.022918639,4636.960324,1,1,1.525683415,445.6669413
-4333,-4333,100,1,4420.161686,0,1,0,645.6669413
-4333,-4333,300,1.028765289,4678.113566,1,1,1.912439984,445.6669413
-4333,-4333,1745,1,1287.043851,0,1,0,-999.3330587
-4333,-4333,1945,0.898006994,1037.893476,0,1,3.659039213,-1199.333059
-4333,-4333,1945,1,1073.201765,0,1,0,-1199.333059
-4333,-4333,2145,0.955119214,979.0312211,0,1,1.470283708,-1399.333059
-4333,-4333,100,1,4544.331981,0,1,0,645.6669413
-4333,-4333,300,1.015357659,4684.984398,1,1,1.035285294,445.6669413
-4333,-4333,2145,1,968.9412797,0,1,0,-1399.333059
-4333,-4333,2345,0.988095168,946.0084363,0,1,0.370571493,-1599.333059
-4333,-4333,100,1,4335.56396,0,1,0,645.6669413
-4333,-4333,300,0.908881055,3581.456658,0,1,5.999726858,445.6669413
-4333,-4333,100,1,3611.808637,0,1,0,645.6669413
-4333,-4333,300,1.051770458,3995.458911,1,1,3.111317808,445.6669413
-4333,-4333,2345,1,949.1850815,0,1,0,-1599.333059
-4333,-4333,2545,0.991181368,932.5178698,0,1,0.271691892,-1799.333059
-4333,-4333,2545,1,919.9195514,0,1,0,-1799.333059
-4333,-4333,2745,1.001997857,923.5989591,1,1,0.060595361,-1999.333059
-4333,-4333,100,1,3240.923433,0,1,0,645.6669413
-4333,-4333,300,1.145340541,4251.459417,1,1,8.274107478,445.6669413
-4333,-4333,100,1,3717.537858,0,1,0,645.6669413
-4333,-4333,300,1.080651024,4341.365376,1,1,4.91742318,445.6669413
-4333,-4333,2745,1,918.1230303,0,1,0,-1999.333059
-4333,-4333,2945,0.990184059,900.1870106,0,1,0.297428368,-2199.333059
-4333,-4333,2945,1,927.9378359,0,1,0,-2199.333059
-4333,-4333,3145,0.991252449,911.7744742,0,1,0.266468531,-2399.333059
-4333,-4333,100,1,4826.376068,0,1,0,645.6669413
-4333,-4333,300,1.015649599,4978.619792,1,1,1.087210863,445.6669413
-4333,-4333,100,1,4611.266099,0,1,0,645.6669413
-4333,-4333,300,1.01281807,4730.238803,1,1,0.870427732,445.6669413
-4333,-4333,3145,1,877.5137071,0,1,0,-2399.333059
-4333,-4333,3345,0.988428981,857.3237399,0,1,0.342766662,-2599.333059
-4333,-4333,3345,1,855.2799252,0,1,0,-2599.333059
-4333,-4333,3545,0.999969455,855.2276769,0,1,0.000893293,-2799.333059
-4333,-4333,100,1,4249.584511,0,1,0,645.6669413
-4333,-4333,300,1.063835846,4809.453274,1,1,4.161384552,445.6669413
-4333,-4333,100,1,4156.246018,0,1,0,645.6669413
-4333,-4333,300,1.059798577,4668.183408,1,1,3.8551517,445.6669413
-4333,-4333,3545,1,876.9855526,0,1,0,-2799.333059
-4333,-4333,3745,0.968483562,822.5777288,0,1,0.933325956,-2999.333059
-4333,-4333,3745,1,825.1905493,0,1,0,-2999.333059
-4333,-4333,3945,0.986161169,802.5092385,0,1,0.397536071,-3199.333059
-4333,-4333,100,1,4018.817747,0,1,0,645.6669413
-4333,-4333,300,1.075774081,4650.937085,1,1,4.803633178,445.6669413
-4333,-4333,100,1,4390.197314,0,1,0,645.6669413
-4333,-4333,300,1.012828438,4503.558552,1,1,0.849993885,445.6669413
-4333,-4333,3945,1,824.7338193,0,1,0,-3199.333059
-4333,-4333,4145,0.987370796,804.0338977,0,1,0.362687757,-3399.333059
-4333,-4333,100,1,4594.01486,0,1,0,645.6669413
-4333,-4333,300,0.991881736,4519.726783,0,1,0.550249137,445.6669413
-4333,-4333,4145,1,812.1159614,0,1,0,-3399.333059
-4333,-4333,4345,0.996111091,805.811754,0,1,0.110824751,-3599.333059
-4333,-4333,4345,1,813.1734939,0,1,0,-3599.333059
-4333,-4333,4545,0.990791055,798.2655147,0,1,0.262604093,-3799.333059
-4333,-4333,100,1,4571.055681,0,1,0,645.6669413
-4333,-4333,300,1.009527011,4658.567564,1,1,0.644117241,445.6669413
-4333,-4333,100,1,4510.904632,0,1,0,645.6669413
-4333,-4333,300,1.012965077,4628.631335,1,1,0.870776933,445.6669413
-4333,-4333,4545,1,792.9298147,0,1,0,-3799.333059
-4333,-4333,4745,0.998468215,790.5024793,0,1,0.043133546,-3999.333059
-4333,-4333,4745,1,792.4206068,0,1,0,-3999.333059
-4333,-4333,4945,0.988027374,773.5594838,0,1,0.337029028,-4199.333059
-4333,-4333,100,1,4310.063077,0,1,0,645.6669413
-4333,-4333,300,0.953806764,3921.068435,0,1,3.032635386,445.6669413
-4333,-4333,100,1,4450.391143,0,1,0,645.6669413
-4333,-4333,300,1.022275531,4650.869074,1,1,1.486028548,445.6669413
-4333,-4333,6745,1,725.9625977,0,1,0,-5999.333059
-4333,-4333,6945,1.017649793,751.8149247,1,1,0.475550596,-6199.333059
-4333,-4333,100,1,3899.22651,0,1,0,645.6669413
-4333,-4333,300,1.018555742,4045.275155,1,1,1.158690784,445.6669413
-4333,-4333,8745,1,735.2029754,0,1,0,-7999.333059
-4333,-4333,8945,1.000407604,735.8024411,1,1,0.011052034,-8199.333059
-4333,4333,100,1,5918.891817,0,1,0,0
-4333,4333,300,1.020683819,6166.274615,1,1,1.591295858,-200
-4333,4333,105,1,5697.042398,0,1,0,-5
-4333,4333,305,1.026402979,6001.851682,1,1,1.992863943,-205
-4333,4333,100,1,5507.802848,0,1,0,0
-4333,4333,300,1.021057732,5742.208841,1,1,1.562790625,-200
-4333,4333,110,1,4031.867561,0,1,0,-10
-4333,4333,310,1.194990116,5757.512428,1,1,12.38128515,-210
-4333,4333,100,1,5028.73292,0,1,0,0
-4333,4333,300,0.98366083,4865.744791,0,1,1.158668692,-200
-4333,4333,115,1,5055.892273,0,1,0,-15
-4333,4333,315,0.934683201,4416.992751,0,1,4.644337763,-215
-4333,4333,100,1,4874.304786,0,1,0,0
-4333,4333,300,1.068271334,5562.574382,1,1,4.7664466,-200
-4333,4333,120,1,4184.013387,0,1,0,-20
-4333,4333,320,0.956167628,3825.26157,0,1,2.835250982,-220
-4333,4333,100,1,4475.063178,0,1,0,0
-4333,4333,300,1.070418437,5127.507831,1,1,4.710705612,-200
-4333,4333,125,1,4857.33418,0,1,0,-25
-4333,4333,325,0.652658061,2069.042429,0,1,24.20784979,-225
-4333,4333,100,1,3013.319667,0,1,0,0
-4333,4333,300,1.008266591,3063.345351,1,1,0.453783882,-200
-4333,4333,130,1,3651.536674,0,1,0,-30
-4333,4333,330,1.163081616,4939.648534,1,1,9.854687102,-230
-4333,4333,100,1,4579.487622,0,1,0,0
-4333,4333,300,1.081774892,5359.085476,1,1,5.533863262,-200
-4333,4333,135,1,4926.096156,0,1,0,-35
-4333,4333,335,1.051153823,5442.963636,1,1,3.59029005,-235
-4333,4333,100,1,4738.511512,0,1,0,0
-4333,4333,300,1.026415024,4992.153615,1,1,1.818326963,-200
-4333,4333,140,1,4568.957684,0,1,0,-40
-4333,4333,340,1.110502039,5634.506136,1,1,7.469282034,-240
-4333,4333,100,1,4719.156406,0,1,0,0
-4333,4333,300,1.021257663,4921.92541,1,1,1.460318886,-200
-4333,4333,145,1,4527.390609,0,1,0,-45
-4333,4333,345,1.136948368,5852.338673,1,1,9.21469241,-245
-4333,4333,100,1,4805.134198,0,1,0,0
-4333,4333,300,1.046884891,5266.273196,1,1,3.250017286,-200
-4333,4333,150,1,4776.858328,0,1,0,-50
-4333,4333,350,1.105866847,5841.818205,1,1,7.316968033,-250
-4333,4333,100,1,4736.169267,0,1,0,0
-4333,4333,300,1.014533566,4874.836518,1,1,1.000197553,-200
-4333,4333,100,1,4591.908427,0,1,0,0
-4333,4333,300,1.023920183,4814.214379,1,1,1.620918205,-200
-4333,4333,300,1,5044.820209,0,1,0,-200
-4333,4333,500,0.945427197,4509.224689,0,1,3.876136883,-400
-4333,4333,500,1,6360.518328,0,1,0,-400
-4333,4333,700,0.826752564,4347.540231,0,1,13.81697811,-600
-4333,4333,100,1,2723.002635,0,1,0,0
-4333,4333,300,1.250758176,4259.85447,1,1,13.08516288,-200
-4333,4333,100,1,2816.802895,0,1,0,0
-4333,4333,300,1.246637948,4377.61077,1,1,13.08995423,-200
-4333,4333,700,1,4673.76237,0,1,0,-600
-4333,4333,900,0.785420464,2883.175326,0,1,14.66971295,-800
-4333,4333,900,1,2906.057034,0,1,0,-800
-4333,4333,1100,0.811916057,1915.695126,0,1,10.13920228,-1000
-4333,4333,100,1,4938.600302,0,1,0,0
-4333,4333,300,1.009645293,5034.328239,1,1,0.677824633,-200
-4333,4333,100,1,4926.123026,0,1,0,0
-4333,4333,300,1.037785859,5305.431986,1,1,2.652051357,-200
-4333,4333,1100,1,1915.42968,0,1,0,-1000
-4333,4333,1300,0.88841936,1511.827498,0,1,4.88339613,-1200
-4333,4333,1300,1,1526.618056,0,1,0,-1200
-4333,4333,1500,0.905893407,1252.808215,0,1,3.676929045,-1400
-4333,4333,100,1,4799.84162,0,1,0,0
-4333,4333,300,1.035948125,5151.134912,1,1,2.49051806,-200
-4333,4333,1500,1,1243.222931,0,1,0,-1400
-4333,4333,1700,0.922659557,1058.356501,0,1,2.726975014,-1600
-4333,4333,100,1,4312.643925,0,1,0,0
-4333,4333,300,1.053044473,4782.302332,1,1,3.483468943,-200
-4333,4333,100,1,4218.013276,0,1,0,0
-4333,4333,300,1.068214304,4813.098181,1,1,4.430262149,-200
-4333,4333,1700,1,1064.589451,0,1,0,-1600
-4333,4333,1900,0.944504538,949.70835,0,1,1.810708537,-1800
-4333,4333,1900,1,962.1207341,0,1,0,-1800
-4333,4333,2100,0.978663987,921.503075,0,1,0.661801968,-2000
-4333,4333,100,1,4619.384013,0,1,0,0
-4333,4333,300,1.016510559,4773.180471,1,1,1.122157455,-200
-4333,4333,100,1,4338.391837,0,1,0,0
-4333,4333,300,1.040183106,4694.057078,1,1,2.646719332,-200
-4333,4333,2100,1,884.841818,0,1,0,-2000
-4333,4333,2300,0.995376219,876.6781066,0,1,0.137540319,-2200
-4333,4333,2300,1,887.5034446,0,1,0,-2200
-4333,4333,2500,1.002169919,891.3592448,1,1,0.06464405,-2400
-4333,4333,100,1,4393.471063,0,1,0,0
-4333,4333,300,1.037760784,4731.537432,1,1,2.502907982,-200
-4333,4333,100,1,4476.186424,0,1,0,0
-4333,4333,300,1.031424366,4761.92926,1,1,2.102425483,-200
-4333,4333,2500,1,893.6956931,0,1,0,-2400
-4333,4333,2700,1.007341235,906.8655176,1,1,0.219464333,-2600
-4333,4333,2700,1,906.4116584,0,1,0,-2600
-4333,4333,2900,1.00539651,916.2209738,1,1,0.162470942,-2800
-4333,4333,100,1,4453.282698,0,1,0,0
-4333,4333,300,1.015530003,4592.675736,1,1,1.036362481,-200
-4333,4333,100,1,4612.184739,0,1,0,0
-4333,4333,300,0.854167093,3365.056549,0,1,9.903960045,-200
-4333,4333,2900,1,923.3242797,0,1,0,-2800
-4333,4333,3100,1.008760643,939.5729723,1,1,0.266203097,-3000
-4333,4333,3100,1,954.1084143,0,1,0,-3000
-4333,4333,3300,1.026208375,1004.775033,1,1,0.809541196,-3200
-4333,4333,100,1,4582.250484,0,1,0,0
-4333,4333,300,1.010810062,4681.854776,1,1,0.731758185,-200
-4333,4333,100,1,4301.964385,0,1,0,0
-4333,4333,300,1.035017519,4608.527807,1,1,2.296776721,-200
-4333,4333,3300,1,1002.654327,0,1,0,-3200
-4333,4333,3500,1.028383884,1060.380558,1,1,0.898767655,-3400
-4333,4333,100,1,4728.778381,0,1,0,0
-4333,4333,300,1.000039808,4729.154875,1,1,0.002737442,-200
-4333,4333,3500,1,1036.594377,0,1,0,-3400
-4333,4333,3700,0.936655788,909.4291931,0,1,2.039442005,-3600
-4333,4333,3700,1,919.4163326,0,1,0,-3600
-4333,4333,3900,0.964948065,856.0913192,0,1,1.06284053,-3800
-4333,4333,100,1,2822.564283,0,1,0,0
-4333,4333,300,1.289681855,4694.71271,1,1,15.3901628,-200
-4333,4333,100,1,3964.307846,0,1,0,0
-4333,4333,300,1.100733674,4803.213349,1,1,6.342469095,-200
-4333,4333,3900,1,845.5678334,0,1,0,-3800
-4333,4333,4100,0.982915602,816.9225996,0,1,0.496791223,-4000
-4333,4333,4100,1,818.0326585,0,1,0,-4000
-4333,4333,4300,0.981290623,787.709241,0,1,0.535111939,-4200
-4333,4333,100,1,4301.214277,0,1,0,0
-4333,4333,300,0.99987608,4300.148332,0,1,0.00812711,-200
-4333,4333,100,1,1685.021193,0,1,0,0
-4333,4333,300,1.59435231,4283.255273,1,1,24.39757371,-200
-4333,4333,6100,1,783.4075156,0,1,0,-6000
-4333,4333,6300,1.00384819,789.4485182,1,1,0.10770859,-6200
-4333,4333,100,1,4483.180957,0,1,0,0
-4333,4333,300,0.690089977,2134.999158,0,1,20.75050913,-200
-4333,4333,8100,1,765.9325673,0,1,0,-8000
-4333,4333,8300,1.002038285,769.058127,1,1,0.056410526,-8200
-4333,13000,345,1,5340.282233,0,1,0,0.345630522
-4333,13000,545,0.855710246,3910.368396,0,1,10.54429623,-199.6543695
-4333,13000,350,1,4564.521063,0,1,0,-4.654369478
-4333,13000,550,0.930327839,3950.638112,0,1,4.707137558,-204.6543695
-4333,13000,340,1,4525.582728,0,1,0,5.345630522
-4333,13000,540,0.931323481,3925.324941,0,1,4.620037792,-194.6543695
-4333,13000,355,1,4439.120671,0,1,0,-9.654369478
-4333,13000,555,0.917774529,3739.116117,0,1,5.478413942,-209.6543695
-4333,13000,335,1,4417.212743,0,1,0,10.34563052
-4333,13000,535,0.935606135,3866.64622,0,1,4.279752487,-189.6543695
-4333,13000,360,1,4326.426632,0,1,0,-14.65436948
-4333,13000,560,0.926446425,3713.384863,0,1,4.838028901,-214.6543695
-4333,13000,330,1,4618.808875,0,1,0,15.34563052
-4333,13000,530,0.936212424,4048.356894,0,1,4.335119705,-184.6543695
-4333,13000,365,1,4449.830054,0,1,0,-19.65436948
-4333,13000,565,0.914923301,3724.884423,0,1,5.675215285,-219.6543695
-4333,13000,325,1,4722.300593,0,1,0,20.34563052
-4333,13000,525,0.937168664,4147.52627,0,1,4.317706416,-179.6543695
-4333,13000,370,1,4533.240802,0,1,0,-24.65436948
-4333,13000,570,0.917858401,3819.092382,0,1,5.530540103,-224.6543695
-4333,13000,320,1,4811.941287,0,1,0,25.34563052
-4333,13000,520,0.930394029,4165.375408,0,1,4.828437974,-174.6543695
-4333,13000,375,1,4376.485517,0,1,0,-29.65436948
-4333,13000,575,0.909324534,3618.789427,0,1,5.998636491,-229.6543695
-4333,13000,315,1,4687.853342,0,1,0,30.34563052
-4333,13000,515,0.926149582,4021.020493,0,1,5.05638305,-169.6543695
-4333,13000,380,1,4234.095423,0,1,0,-34.65436948
-4333,13000,580,0.90799279,3490.80381,0,1,5.986902461,-234.6543695
-4333,13000,310,1,4445.824523,0,1,0,35.34563052
-4333,13000,510,0.949091661,4004.687499,0,1,3.394416166,-164.6543695
-4333,13000,385,1,4089.69128,0,1,0,-39.65436948
-4333,13000,585,0.91242093,3404.71688,0,1,5.600742292,-239.6543695
-4333,13000,305,1,4539.162801,0,1,0,40.34563052
-4333,13000,505,0.940551514,4015.51205,0,1,4.005241198,-159.6543695
-4333,13000,390,1,4081.783131,0,1,0,-44.65436948
-4333,13000,590,0.910563387,3384.31122,0,1,5.714000945,-244.6543695
-4333,13000,300,1,4618.360709,0,1,0,45.34563052
-4333,13000,500,0.941433922,4093.243069,0,1,3.980064124,-154.6543695
-4333,13000,395,1,4073.724147,0,1,0,-49.65436948
-4333,13000,595,0.898057582,3285.488753,0,1,6.506549517,-249.6543695
-4333,13000,295,1,4648.474257,0,1,0,50.34563052
-4333,13000,495,0.943182287,4135.249351,0,1,3.873815794,-149.6543695
-4333,13000,145,1,6689.229997,0,1,0,200.3456305
-4333,13000,345,0.920762246,5671.150025,0,1,6.480674643,0.345630522
-4333,13000,545,1,3723.822534,0,1,0,-199.6543695
-4333,13000,745,0.811250918,2450.752072,0,1,11.51805997,-399.6543695
-4333,13000,745,1,2455.593513,0,1,0,-399.6543695
-4333,13000,945,0.856371883,1800.865494,0,1,7.117339898,-599.6543695
-4333,13000,100,1,6536.652208,0,1,0,245.3456305
-4333,13000,300,0.967990058,6124.874186,0,1,2.58798988,45.34563052
-4333,13000,100,1,6520.793634,0,1,0,245.3456305
-4333,13000,300,0.970343856,6139.765401,0,1,2.394776039,45.34563052
-4333,13000,945,1,1805.520786,0,1,0,-599.6543695
-4333,13000,1145,0.894142259,1443.496499,0,1,4.498045743,-799.6543695
-4333,13000,1145,1,1444.836874,0,1,0,-799.6543695
-4333,13000,1345,0.908864677,1193.485829,0,1,3.46414566,-999.6543695
-4333,13000,100,1,6492.521579,0,1,0,245.3456305
-4333,13000,300,0.967577272,6078.336211,0,1,2.612499729,45.34563052
-4333,13000,100,1,6447.228672,0,1,0,245.3456305
-4333,13000,300,0.971136178,6080.416665,0,1,2.317610115,45.34563052
-4333,13000,1345,1,1199.830204,0,1,0,-999.6543695
-4333,13000,1545,0.927979727,1033.22943,0,1,2.494678925,-1199.654369
-4333,13000,1545,1,1039.115226,0,1,0,-1199.654369
-4333,13000,1745,0.940056059,918.2717309,0,1,1.932311532,-1399.654369
-4333,13000,100,1,6123.124493,0,1,0,245.3456305
-4333,13000,300,0.989187615,5991.429179,0,1,0.846073374,45.34563052
-4333,13000,1745,1,930.2402432,0,1,0,-1399.654369
-4333,13000,1945,0.989664455,911.110535,0,1,0.315232469,-1599.654369
-4333,13000,100,1,6351.989426,0,1,0,245.3456305
-4333,13000,300,0.96601808,5927.618922,0,1,2.708337608,45.34563052
-4333,13000,100,1,6436.651189,0,1,0,245.3456305
-4333,13000,300,0.974395368,6111.254875,0,1,2.054227404,45.34563052
-4333,13000,1945,1,910.5883297,0,1,0,-1599.654369
-4333,13000,2145,0.975700867,866.8729702,0,1,0.733249581,-1799.654369
-4333,13000,2145,1,859.1362565,0,1,0,-1799.654369
-4333,13000,2345,0.985327666,834.1101402,0,1,0.430061178,-1999.654369
-4333,13000,100,1,6235.032204,0,1,0,245.3456305
-4333,13000,300,0.978604438,5971.082374,0,1,1.689441108,45.34563052
-4333,13000,100,1,6304.279974,0,1,0,245.3456305
-4333,13000,300,0.97745873,6023.270276,0,1,1.789765505,45.34563052
-4333,13000,2345,1,843.0978645,0,1,0,-1999.654369
-4333,13000,2545,0.970492087,794.0758472,0,1,0.856796115,-2199.654369
-4333,13000,2545,1,796.5808872,0,1,0,-2199.654369
-4333,13000,2745,0.99949828,795.7817663,0,1,0.014160432,-2399.654369
-4333,13000,100,1,6235.317989,0,1,0,245.3456305
-4333,13000,300,0.968927403,5853.843186,0,1,2.453617443,45.34563052
-4333,13000,100,1,6219.483982,0,1,0,245.3456305
-4333,13000,300,0.783834761,3821.231878,0,1,17.04759168,45.34563052
-4333,13000,2745,1,796.4935255,0,1,0,-2399.654369
-4333,13000,2945,1.002694144,800.791044,1,1,0.076034729,-2599.654369
-4333,13000,2945,1,786.5253718,0,1,0,-2599.654369
-4333,13000,3145,0.997057793,781.903939,0,1,0.08251438,-2799.654369
-4333,13000,100,1,6245.860025,0,1,0,245.3456305
-4333,13000,300,0.977673983,5970.082928,0,1,1.764441937,45.34563052
-4333,13000,100,1,6389.009605,0,1,0,245.3456305
-4333,13000,300,0.978234298,6113.913808,0,1,1.739760463,45.34563052
-4333,13000,3145,1,781.4419448,0,1,0,-2799.654369
-4333,13000,3345,0.988361898,763.3587858,0,1,0.325334792,-2999.654369
-4333,13000,3345,1,774.1177521,0,1,0,-2999.654369
-4333,13000,3545,0.987870137,755.4517663,0,1,0.337488834,-3199.654369
-4333,13000,100,1,6409.214249,0,1,0,245.3456305
-4333,13000,300,0.970860674,6041.135948,0,1,2.332823583,45.34563052
-4333,13000,100,1,6599.704987,0,1,0,245.3456305
-4333,13000,300,0.974142674,6262.816116,0,1,2.100612116,45.34563052
-4333,13000,3545,1,762.9876781,0,1,0,-3199.654369
-4333,13000,3745,0.990783636,748.9885431,0,1,0.254576538,-3399.654369
-4333,13000,100,1,6362.082126,0,1,0,245.3456305
-4333,13000,300,0.987311871,6201.660507,0,1,1.012038965,45.34563052
-4333,13000,3745,1,760.1285091,0,1,0,-3399.654369
-4333,13000,3945,0.992215395,748.3399724,0,1,0.214624896,-3599.654369
-4333,13000,3945,1,747.2838408,0,1,0,-3599.654369
-4333,13000,4145,0.999662161,746.779003,0,1,0.00923533,-3799.654369
-4333,13000,100,1,6463.145787,0,1,0,245.3456305
-4333,13000,300,0.976466347,6162.522431,0,1,1.891957248,45.34563052
-4333,13000,100,1,6529.029246,0,1,0,245.3456305
-4333,13000,300,0.965070201,6080.879892,0,1,2.822411926,45.34563052
-4333,13000,4145,1,748.6372881,0,1,0,-3799.654369
-4333,13000,4345,0.998064825,745.7426034,0,1,0.05294878,-3999.654369
-4333,13000,4345,1,744.3283646,0,1,0,-3999.654369
-4333,13000,4545,0.99679807,739.5694207,0,1,0.087356285,-4199.654369
-4333,13000,100,1,6325.350645,0,1,0,245.3456305
-4333,13000,300,0.976296669,6029.040771,0,1,1.885175047,45.34563052
-4333,13000,100,1,6319.909455,0,1,0,245.3456305
-4333,13000,300,0.984331118,6123.409245,0,1,1.245642583,45.34563052
-4333,13000,6345,1,721.5957355,0,1,0,-5999.654369
-4333,13000,6545,0.995845866,715.6129767,0,1,0.111590575,-6199.654369
-4333,13000,100,1,6330.693643,0,1,0,245.3456305
-4333,13000,300,0.968928075,5943.392032,0,1,2.472258066,45.34563052
-4333,13000,8345,1,720.7115677,0,1,0,-7999.654369
-4333,13000,8545,0.996807987,716.1178698,0,1,0.085693007,-8199.654369
